{"cameraMode":{"drawMode":0,"name":"Shaded","section":"Shading Mode"},"sceneLighting":true,"audioPlay":false,"sceneViewState":{"showFog":true,"showMaterialUpdate":false,"showSkybox":true,"showFlares":true,"showImageEffects":true,"showParticleSystems":true},"in2DMode":false,"pivot":{"x":-38.94804000854492,"y":-18.203163146972658,"z":-37.2634162902832},"rotation":{"x":-0.08247287571430206,"y":0.9020094275474548,"z":-0.198771134018898,"w":-0.3742556869983673},"size":80.40483856201172,"orthographic":false}