{"cameraMode":{"drawMode":0,"name":"Shaded","section":"Shading Mode"},"sceneLighting":false,"audioPlay":false,"sceneViewState":{"showFog":true,"showMaterialUpdate":false,"showSkybox":false,"showFlares":true,"showImageEffects":true,"showParticleSystems":true},"in2DMode":false,"pivot":{"x":-0.0008115768432617188,"y":1.5952868461608887,"z":0.02434849739074707},"rotation":{"x":-0.16335958242416383,"y":0.7193028926849365,"z":-0.18060660362243653,"w":-0.6506137251853943},"size":14.021238327026368,"orthographic":false}