{"cameraMode":{"drawMode":0,"name":"Shaded","section":"Shading Mode"},"sceneLighting":false,"audioPlay":false,"sceneViewState":{"showFog":true,"showMaterialUpdate":false,"showSkybox":false,"showFlares":true,"showImageEffects":true,"showParticleSystems":true},"in2DMode":false,"pivot":{"x":-28.45132064819336,"y":-2.2765467166900636,"z":-6.0800676345825199},"rotation":{"x":0.13586364686489106,"y":-0.8636590242385864,"z":0.32745081186294558,"w":0.35834378004074099},"size":39.636165618896487,"orthographic":false}