{"cameraMode":{"drawMode":0,"name":"Shaded","section":"Shading Mode"},"sceneLighting":true,"audioPlay":false,"sceneViewState":{"showFog":true,"showMaterialUpdate":false,"showSkybox":true,"showFlares":true,"showImageEffects":true,"showParticleSystems":true},"in2DMode":false,"pivot":{"x":-24.755041122436525,"y":3.254634141921997,"z":128.3638916015625},"rotation":{"x":0.10608828067779541,"y":-0.6647818684577942,"z":0.09619077295064926,"w":0.7331833243370056},"size":34.36594009399414,"orthographic":false}